[
    {
        "choosed": [
            {
                "text": "\u4e00\u4e2a \u80a1\u6c11 \u4ee5 \u6bcf\u80a1 temp_a \u5143 \u4e70\u8fdb \u67d0 \u80a1\u7968 temp_b \u80a1\u540e \uff0c \u53c8 \u4ee5 \u6bcf\u80a1 temp_c \u5143 \u5168\u90e8 \u5356\u51fa \uff0e \u6b64 \u8fc7\u7a0b \u4e2d \u65e0\u8bba\u662f \u4e70\u8fdb \u8fd8\u662f \u5356\u51fa \u4ed6 \u5747 \u9700 \u7f34\u7eb3 \u4ea4\u6613\u989d \u4e3a temp_d \u4f5c\u4e3a \u624b\u7eed\u8d39 \uff0c \u8fd9\u4f4d \u80a1\u6c11 \u4e70\u5356 \u8fd9\u79cd \u80a1\u7968 \u8d5a \u4e86 \u591a\u5c11 \u94b1 \uff1f",
                "equ": [
                    "x",
                    "=",
                    "temp_c",
                    "*",
                    "temp_b",
                    "*",
                    "(",
                    "1",
                    "-",
                    "temp_d",
                    ")",
                    "-",
                    "temp_a",
                    "*",
                    "temp_b",
                    "*",
                    "(",
                    "1",
                    "+",
                    "temp_d",
                    ")"
                ],
                "similarity": 0.4256283563933123
            },
            {
                "text": "\u5728 \u80a1\u7968\u4ea4\u6613 \u4e2d \uff0c \u4e70\u8fdb \u5fc5\u987b \u6309 \u6210\u4ea4\u989d \u7684 temp_a \u4ea4\u7eb3 \u5370\u82b1\u7a0e \uff0c \u5c0f \u674e\u4ee5 \u6bcf\u80a1 temp_b \u5143 \u4e70\u8fdb temp_c \u80a1 \u79d1\u6280\u80a1 \uff0c \u9700\u8981 \u4ea4\u7eb3 \u5370\u82b1\u7a0e \u591a\u5c11 \u5143 \uff0e",
                "equ": [
                    "x",
                    "=",
                    "temp_b",
                    "*",
                    "temp_c",
                    "*",
                    "temp_a"
                ],
                "similarity": 0.23355305385051073
            },
            {
                "text": "\u67d0\u4eba \u4e0a\u8857 \u505a\u4e70\u5356 \uff0c \u6bcf\u6b21 \u53ea \u4e70 temp_a \u65a4 \u9c7c \uff0e \u5982\u679c \u4ed6 \u4ee5 temp_b \u5143 \u4e00\u65a4 \u4e70\u8fdb \uff0c temp_c \u5143 \u4e00\u65a4 \u5356\u51fa \uff1b \u7136\u540e \u53c8 \u4ee5 temp_d \u5143 \u4e00\u65a4 \u4e70\u8fdb \uff0c temp_e \u5143 \u4e00\u65a4 \u5356\u51fa \uff0e \u4ed6 \u8d5a \u4e86 \u591a\u5c11 \u5143 \u94b1 \uff0e",
                "equ": [
                    "x",
                    "=",
                    "(",
                    "temp_c",
                    "-",
                    "temp_b",
                    ")",
                    "+",
                    "(",
                    "temp_e",
                    "-",
                    "temp_d",
                    ")"
                ],
                "similarity": 0.15026697734855737
            },
            {
                "text": "\u738b\u8001\u5e08 \u9886\u53d6 \u4e00\u7b14 temp_a \u5143 \u7a3f\u8d39 \uff0c \u6309\u89c4\u5b9a \u8d85\u8fc7 temp_b \u5143 \u7684 \u90e8\u5206 \u8981 \u6309 temp_c \u7f34\u7eb3 \u4e2a\u4eba\u6240\u5f97\u7a0e \uff0c \u738b\u8001\u5e08 \u7f34\u7eb3 \u4e2a\u4eba\u6240\u5f97\u7a0e \u540e\u5e94 \u9886\u53d6 \u591a\u5c11 \u5143 \uff1f",
                "equ": [
                    "x",
                    "=",
                    "temp_a",
                    "-",
                    "(",
                    "temp_a",
                    "-",
                    "temp_b",
                    ")",
                    "*",
                    "temp_c"
                ],
                "similarity": 0.1475077111403116
            },
            {
                "text": "\u4e00\u4e2a \u90ae\u7968 \u5546\u4eba \u7528 temp_a \u5143 \u4e70 \u4e00\u5f20 \u7f55\u89c1 \u7684 \u90ae\u7968 \uff0c \u4ee5 temp_b \u5143 \u5356\u6389 \u4e86 \uff0c \u53c8 \u7528 temp_c \u5143 \u4e70\u56de\u6765 \uff0e \u6700\u540e \u4ee5 temp_d \u5143 \u5356\u6389 \u4e86 \uff0e \u90a3\u4e48 \u4ece \u8fd9 \u51e0\u6b21 \u4e70\u5356 \u4e2d \u4ed6 \u8d5a \u4e86 \u591a\u5c11 \u5143 \uff0e",
                "equ": [
                    "x",
                    "=",
                    "(",
                    "temp_b",
                    "-",
                    "temp_a",
                    ")",
                    "+",
                    "(",
                    "temp_d",
                    "-",
                    "temp_c",
                    ")"
                ],
                "similarity": 0.14243660480061607
            }
        ],
        "target": {
            "text": "\u738b\u8001\u5e08 \u4ee5 \u6bcf\u80a1 temp_a \u5143 \u7684 \u4ef7\u683c \u8d2d\u8fdb \u67d0\u79cd \u80a1\u7968 temp_b \u80a1 \uff0c \u8fc7 \u4e86 \u4e00\u6bb5\u65f6\u95f4 \u540e\u4ee5 \u6bcf\u80a1 temp_c \u5143 \u5356\u51fa \uff0c \u6309\u89c4\u5b9a \u4e70\u5356 \u80a1\u7968 \u90fd \u8981 \u6309 \u4e70\u5356 \u91d1\u989d \u7684 temp_d \u7f34\u7eb3 \u624b\u7eed\u8d39 \uff0c \u738b\u8001\u5e08 \u8fd9\u6b21 \u4e70\u5356 \u80a1\u7968 \u5b9e\u9645 \u8d5a \u591a\u5c11 \u5143 \uff0e",
            "equ": [
                "x",
                "=",
                "temp_c",
                "*",
                "temp_b",
                "*",
                "(",
                "1",
                "-",
                "temp_d",
                ")",
                "-",
                "temp_a",
                "*",
                "temp_b",
                "*",
                "(",
                "1",
                "+",
                "temp_d",
                ")"
            ]
        }
    },
    {
        "choosed": [
            {
                "text": "\u4e00\u6761 \u7ef3\u5b50 \u957f temp_a \u7c73 \uff0c \u7528 \u53bb temp_b \u7c73 \uff0c \u5269\u4e0b \u7684 \u5360 \u5168\u957f \u7684 \u591a\u5c11 \uff0e",
                "equ": [
                    "x",
                    "=",
                    "(",
                    "temp_a",
                    "-",
                    "temp_b",
                    ")",
                    "/",
                    "temp_a"
                ],
                "similarity": 0.5956264630551094
            },
            {
                "text": "\u4e00\u6761 \u7ef3\u5b50 \u957f temp_a \u7c73 \uff0c \u526a\u53bb \u5168\u957f \u7684 temp_b \uff0c \u8fd8 \u5269 \u591a\u5c11 \u7c73 \uff0e",
                "equ": [
                    "x",
                    "=",
                    "temp_a",
                    "*",
                    "(",
                    "1",
                    "-",
                    "temp_b",
                    ")"
                ],
                "similarity": 0.5923640429840697
            },
            {
                "text": "\u4e00\u6839 \u7ef3\u5b50 \u957f temp_a \u7c73 \uff0c \u526a\u53bb \u5b83 \u7684 temp_b \uff0c \u4f59\u4e0b \u591a\u5c11 \u7c73 \uff0e",
                "equ": [
                    "x",
                    "=",
                    "temp_a",
                    "*",
                    "(",
                    "1",
                    "-",
                    "temp_b",
                    ")"
                ],
                "similarity": 0.5614912537060615
            },
            {
                "text": "\u4e00\u6839 \u7ef3\u5b50 \u957f temp_a \u7c73 \uff0c \u526a\u53bb \u4e86 \u5b83 \u7684 temp_b \uff0c \u8fd8 \u5269 \u591a\u5c11 \u7c73 \uff0e",
                "equ": [
                    "x",
                    "=",
                    "temp_a",
                    "*",
                    "(",
                    "1",
                    "-",
                    "temp_b",
                    ")"
                ],
                "similarity": 0.5529609409734446
            },
            {
                "text": "\u4e00\u6839 \u7ef3\u957f temp_a \u7c73 \uff0c \u526a\u53bb temp_b \u540e \uff0c \u8fd8 \u5269 \u591a\u5c11 \u7c73 \uff1f",
                "equ": [
                    "x",
                    "=",
                    "temp_a",
                    "*",
                    "(",
                    "1",
                    "-",
                    "temp_b",
                    ")"
                ],
                "similarity": 0.5398730803249366
            }
        ],
        "target": {
            "text": "\u4e00\u6839 \u7ef3\u5b50 \u957f temp_a \u7c73 \uff0c \u526a\u53bb \u591a\u5c11 \u7c73 \u540e \uff0c \u5269\u4e0b \u7684 \u5360 \u5168\u957f \u7684 temp_b \uff0e",
            "equ": [
                "x",
                "=",
                "temp_a",
                "*",
                "(",
                "1",
                "-",
                "temp_b",
                ")"
            ]
        }
    },
    {
        "choosed": [
            {
                "text": "\u9f9f\u5154 \u8fdb\u884c temp_a \u7c73 \u8d5b\u8dd1 \uff0c \u5154\u5b50 \u901f\u5ea6 \u662f \u4e4c\u9f9f \u7684 temp_b \u500d \uff0c \u5f53 \u5b83\u4eec \u4ece \u8d77\u70b9 \u51fa\u53d1 \u540e \uff0c \u4e4c\u9f9f \u4e0d\u65ad \u5730 \u8dd1 \uff0c \u5154\u5b50 \u8dd1 \u5230 \u67d0 \u4e00 \u5730\u70b9 \u5f00\u59cb \u7761\u89c9 \uff0c \u5154\u5b50 \u9192\u6765\u65f6 \uff0c \u4e4c\u9f9f \u5df2\u7ecf \u9886\u5148 \u5b83 temp_c \u7c73 \uff0c \u5154\u5b50 \u594b\u8d77\u76f4\u8ffd \uff0c \u4f46 \u4e4c\u9f9f \u5230\u8fbe \u7ec8\u70b9 \u65f6 \uff0c \u5154\u5b50 \u4ecd \u843d\u540e temp_d \u7c73 \uff0c \u90a3\u4e48 \u5728 \u5154\u5b50 \u7761\u89c9 \u671f\u95f4 \uff0c \u4e4c\u9f9f \u8dd1 \u4e86 \u591a\u5c11 \u7c73 \uff0e",
                "equ": [
                    "x",
                    "=",
                    "temp_a",
                    "-",
                    "(",
                    "temp_a",
                    "-",
                    "temp_d",
                    ")",
                    "/",
                    "temp_b"
                ],
                "similarity": 0.24845329259831153
            },
            {
                "text": "\u6696 \u7f8a \u7f8a \uff0c \u7070\u592a\u72fc \u4e24\u4eba \u5206\u522b \u4ece \u76f8\u8ddd temp_a \u5343\u7c73 \u7684 \u4e24\u5730 \u540c\u65f6 \u51fa\u53d1 \u76f8\u5411 \u800c\u884c \uff0c \u5047\u5982 \u6696 \u7f8a \u7f8a \u6bcf \u5c0f\u65f6 \u884c\u8d70 temp_b \u5343\u7c73 \uff0c \u7070\u592a\u72fc \u6bcf \u5c0f\u65f6 \u8d70 temp_c \u5343\u7c73 \uff0c \u4e24\u4eba \u51e0\u5c0f\u65f6 \u540e \u76f8\u9047 \uff1f",
                "equ": [
                    "x",
                    "=",
                    "temp_a",
                    "/",
                    "(",
                    "temp_b",
                    "+",
                    "temp_c",
                    ")"
                ],
                "similarity": 0.1711461413929847
            },
            {
                "text": "\u7070\u592a\u72fc \u6b65\u884c \u4ece\u72fc\u5821 \u51fa\u53d1 \u5230 \u7f8a\u6751 \u53bb \u6349 \u7f8a \uff0c \u7528 temp_a \u5c0f\u65f6 \u884c \u4e86 \u5168\u7a0b \u7684 temp_b \uff0c \u5b83 \u5230\u8fbe \u7f8a\u6751 \u8fd8\u8981 \u591a\u5c11 \u65f6\u95f4 \uff1f",
                "equ": [
                    "x",
                    "=",
                    "(",
                    "1",
                    "-",
                    "temp_b",
                    ")",
                    "/",
                    "(",
                    "temp_b",
                    "/",
                    "temp_a",
                    ")"
                ],
                "similarity": 0.15864174977986004
            },
            {
                "text": "\u5927\u897f\u6d0b \u5e73\u5747 \u6df1\u5ea6 \u4e3a temp_a \u5343\u7c73 \uff0c \u5370\u5ea6\u6d0b \u5e73\u5747 \u6df1\u5ea6 \u6bd4 \u5b83 \u6df1 temp_b \u5343\u7c73 \uff0c \u592a\u5e73\u6d0b \u5e73\u5747 \u6df1\u5ea6 \u6bd4 \u5370\u5ea6\u6d0b \u6df1 temp_c \u5343\u7c73 \uff0c \u592a\u5e73\u6d0b \u5e73\u5747 \u6df1\u5ea6 = \u591a\u5c11 \u5343\u7c73 \uff1f",
                "equ": [
                    "x",
                    "=",
                    "temp_a",
                    "+",
                    "temp_b",
                    "+",
                    "temp_c"
                ],
                "similarity": 0.15219192362174483
            },
            {
                "text": "\u4e00\u672c \u300a \u9ed1\u732b \u8b66\u957f \u300b \u6bd4 \u4e00\u672c \u300a \u82b1\u4ed9\u5b50 \u300b \u4fbf\u5b9c temp_a \u5143 \u94b1 \uff0c \u4e00\u672c \u300a \u559c\u7f8a\u7f8a \u4e0e \u7070 \u592a \u72fc \u300b \u6bd4 \u4e00\u672c \u300a \u9ed1\u732b \u8b66\u957f \u300b \u8d35 temp_b \u5143 \u94b1 \uff0e \u5df2\u77e5 \u4e00\u672c \u300a \u82b1\u4ed9\u5b50 \u300b \u7684 \u552e\u4ef7 \u662f temp_c \u5143 \uff0c \u4e00\u672c \u300a \u559c\u7f8a\u7f8a \u4e0e \u7070 \u592a \u72fc \u300b \u591a\u5c11 \u5143 \uff1f",
                "equ": [
                    "x",
                    "=",
                    "temp_c",
                    "-",
                    "temp_a",
                    "+",
                    "temp_b"
                ],
                "similarity": 0.12282520034060704
            }
        ],
        "target": {
            "text": "\u559c\u6d0b\u6d0b \u548c \u7070 \u592a \u72fc \u5728 \u4f53\u80b2\u573a \u8fdb\u884c temp_a \u7c73 \u8d5b\u8dd1 \uff0c \u7070\u592a\u72fc \u7684 \u901f\u5ea6 \u662f \u559c\u6d0b\u6d0b \u901f\u5ea6 \u7684 temp_b \u500d \uff0e \u5f53 \u5b83\u4eec \u4ece \u8d77\u70b9 \u4e00\u8d77 \u51fa\u53d1 \u540e \uff0c \u559c\u6d0b\u6d0b \u4e0d\u505c \u5730 \u8dd1 \uff0c \u7070\u592a\u72fc \u8dd1 \u5230 \u67d0 \u4e00\u5904 \u5f00\u59cb \u7761\u89c9 \uff0c \u5f53\u7070\u592a\u72fc \u9192\u6765 \u540e \uff0c \u559c\u6d0b\u6d0b \u5df2\u7ecf \u9886\u5148 \u7070\u592a\u72fc temp_c \u7c73 \uff0c \u7070\u592a\u72fc \u594b\u8d77\u76f4\u8ffd \uff0c \u5f53 \u559c\u6d0b\u6d0b \u5230\u8fbe \u7ec8\u70b9 \u65f6 \uff0c \u7070\u592a\u72fc \u4ecd \u843d\u540e temp_d \u7c73 \uff0c \u90a3\u4e48 \u7070\u592a\u72fc \u7761\u89c9 \u671f\u95f4 \uff0c \u559c\u6d0b\u6d0b \u8dd1 \u4e86 \u591a\u5c11 \u7c73 \uff0e",
            "equ": [
                "x",
                "=",
                "(",
                "(",
                "temp_a",
                "*",
                "temp_b",
                ")",
                "-",
                "(",
                "temp_a",
                "-",
                "temp_d",
                ")",
                ")",
                "/",
                "temp_b"
            ]
        }
    },
    {
        "choosed": [
            {
                "text": "\u67d0\u73ed \u540c\u5b66 \u505a \u7eb8\u9e64 \uff0c \u5206 temp_a \u4e2a \u5c0f\u7ec4 \uff0c \u6bcf\u7ec4 \u6709 temp_b \u4eba \uff0c \u6bcf\u4eba \u80fd \u505a temp_c \u4e2a \uff0e \u5168\u73ed\u540c\u5b66 \u4e00\u5171 \u80fd \u505a \u591a\u5c11 \u4e2a \uff1f",
                "equ": [
                    "x",
                    "=",
                    "temp_a",
                    "*",
                    "temp_b",
                    "*",
                    "temp_c"
                ],
                "similarity": 0.3322234335861243
            },
            {
                "text": "\u5c0f\u4e3d\u6298 \u4e86 temp_a \u53ea \u7eb8\u9e64 \uff0c \u5c0f\u534e\u6bd4 \u5c0f\u4e3d\u591a\u6298 temp_b \u53ea \uff0c \u5c0f\u82f1\u6298 \u7684 \u53ea\u6570 \u6b63\u597d \u662f \u5c0f\u534e \u7684 temp_c \u500d \uff0e \u5c0f\u82f1\u6298 \u4e86 \u591a\u5c11 \u53ea \u7eb8\u9e64 \uff1f",
                "equ": [
                    "x",
                    "=",
                    "(",
                    "temp_a",
                    "+",
                    "temp_b",
                    ")",
                    "*",
                    "temp_c"
                ],
                "similarity": 0.29580116730715184
            },
            {
                "text": "\u540c\u5b66 \u4eec \u8981 \u505a temp_a \u6735\u82b1 \uff0c \u6bcf\u4eba \u505a temp_b \u6735 \uff0c \u6bcf\u4e2a \u5c0f\u7ec4 \u6709 temp_c \u4eba \uff0c \u8981 \u51e0\u7ec4 \u540c\u5b66 \u6765 \u505a \uff1f",
                "equ": [
                    "x",
                    "=",
                    "temp_a",
                    "/",
                    "(",
                    "temp_c",
                    "*",
                    "temp_b",
                    ")"
                ],
                "similarity": 0.2889326237951129
            },
            {
                "text": "\u5c0f\u4e9a\u524d temp_a \u5929 \u5e73\u5747 \u6bcf\u5929 \u6298 temp_b \u53ea \u7eb8\u9e64 \uff0c \u540e temp_c \u5929\u5171\u6298 temp_d \u53ea \u7eb8\u9e64 \uff0e \u5c0f\u5de7 \u8fd9 temp_e \u5929 \u5e73\u5747 \u6bcf\u5929 \u6298 \u591a\u5c11 \u53ea \u7eb8\u9e64 \uff1f",
                "equ": [
                    "x",
                    "=",
                    "(",
                    "temp_b",
                    "*",
                    "temp_a",
                    "+",
                    "temp_d",
                    ")",
                    "/",
                    "(",
                    "temp_a",
                    "+",
                    "temp_c",
                    ")"
                ],
                "similarity": 0.26631336489346014
            },
            {
                "text": "\u5c0f\u7ea2\u6298 \u7eb8\u9e64 \uff08 h \u00e8 \uff09 \uff0c \u524d temp_a \u5929 \u6bcf\u5929 \u6298 temp_b \u53ea \uff0c \u540e\u6765 \u53c8 \u6298 \u4e86 temp_c \u53ea \uff0c \u5979 \u4e00\u5171 \u6298 \u4e86 \u591a\u5c11 \u53ea \u7eb8\u9e64 \uff1f \u7b54 \uff1a \u5979 \u4e00\u5171 \u6298 \u4e86 \u591a\u5c11 \u53ea \u7eb8\u9e64 \uff0e",
                "equ": [
                    "x",
                    "=",
                    "temp_b",
                    "*",
                    "temp_a",
                    "+",
                    "temp_c"
                ],
                "similarity": 0.2611692054758055
            }
        ],
        "target": {
            "text": "\u540c\u5b66 \u4eec \u8981 \u6298 temp_a \u53ea \u7eb8\u9e64 \uff0c \u6bcf\u4eba \u6298 temp_b \u53ea \uff0c \u6bcf\u4e2a \u5c0f\u7ec4 \u6709 temp_c \u4eba \uff0c \u9700\u8981 \u51e0\u4e2a \u5c0f\u7ec4 \u624d\u80fd \u5b8c\u6210 \uff1f",
            "equ": [
                "x",
                "=",
                "temp_a",
                "/",
                "temp_b",
                "/",
                "temp_c"
            ]
        }
    },
    {
        "choosed": [
            {
                "text": "\u82b1\u56ed\u91cc \u6709 \u9ec4\u83ca\u82b1 temp_a \u76c6 \uff0c \u6bd4 \u767d\u83ca\u82b1 \u5c11 temp_b \u76c6 \uff0c \u82b1\u56ed\u91cc \u6709 \u83ca\u82b1 \u591a\u5c11 \u76c6 \uff1f",
                "equ": [
                    "x",
                    "=",
                    "temp_a",
                    "+",
                    "temp_b",
                    "+",
                    "temp_a"
                ],
                "similarity": 0.6203926293974905
            },
            {
                "text": "\u516c\u56ed \u91cc \u6709 \u828d\u836f\u82b1 temp_a \u76c6 \uff0c \u662f \u83ca\u82b1 \u76c6\u6570 \u7684 temp_b \uff0c \u6708\u5b63\u82b1 \u76c6\u6570 \u53c8 \u662f \u83ca\u82b1 \u76c6\u6570 \u7684 temp_c \uff0e \u516c\u56ed \u91cc \u6709 \u6708\u5b63\u82b1 \u591a\u5c11 \u76c6 \uff1f",
                "equ": [
                    "x",
                    "=",
                    "temp_a",
                    "/",
                    "temp_b",
                    "*",
                    "temp_c"
                ],
                "similarity": 0.5730294162322656
            },
            {
                "text": "\u516c\u56ed \u91cc \u6709 \u6708\u5b63 temp_a \u68f5 \uff0c \u5170\u82b1 \u6709 temp_b \u68f5 \uff0c \u83ca\u82b1 \u7684 \u68f5 \u6570\u662f \u6708\u5b63 \u7684 temp_c \u500d \u591a temp_d \u68f5 \uff0c \u6709 \u83ca\u82b1 \u591a\u5c11 \u68f5 \uff1f",
                "equ": [
                    "x",
                    "=",
                    "temp_a",
                    "*",
                    "temp_c",
                    "+",
                    "temp_d"
                ],
                "similarity": 0.42790143676328496
            },
            {
                "text": "\u67d0 \u5e7f\u573a \u5171 \u6446\u653e \u83ca\u82b1 \u3001 \u6708\u5b63 \u4e0e \u5170\u82b1 temp_a \u76c6 \uff0c \u83ca\u82b1 \u4e0e \u6708\u5b63 \u7684 \u76c6\u6570 \u4e4b \u6bd4 \u4e3a temp_b \uff1a temp_c \uff0c \u6708\u5b63 \u6bd4 \u5170\u82b1 \u591a temp_d \u76c6 \uff0c \u6c42 \u5170\u82b1 \u591a\u5c11 \u76c6 \uff1f",
                "equ": [
                    "x",
                    "=",
                    "(",
                    "temp_a",
                    "+",
                    "temp_d",
                    ")",
                    "*",
                    "(",
                    "(",
                    "temp_c",
                    ")",
                    "/",
                    "(",
                    "temp_b",
                    "+",
                    "temp_c",
                    "+",
                    "temp_c",
                    ")",
                    ")",
                    "-",
                    "temp_d"
                ],
                "similarity": 0.42034983500277595
            },
            {
                "text": "\u5728 \u6821\u95e8\u53e3 \u6446 \u4e00\u6392 \u83ca\u82b1 \uff0c \u4e00\u5171 temp_a \u76c6 \uff0c \u518d \u5728 \u6bcf temp_b \u76c6 \u83ca\u82b1 \u4e2d\u95f4 \u6446 temp_c \u76c6 \u6708\u5b63\u82b1 \uff0c \u4e00\u5171 \u6446 \u4e86 \u591a\u5c11 \u76c6 \u6708\u5b63\u82b1 \uff1f",
                "equ": [
                    "x",
                    "=",
                    "(",
                    "temp_a",
                    "-",
                    "temp_b",
                    ")",
                    "/",
                    "temp_b",
                    "*",
                    "temp_c"
                ],
                "similarity": 0.4020933985373242
            }
        ],
        "target": {
            "text": "\u82b1\u56ed\u91cc \u6709 temp_a \u76c6 \u83ca\u82b1 \uff0c \u6708\u5b63\u82b1 \u6bd4 \u83ca\u82b1 \u7684 temp_b \u500d \u591a temp_c \u76c6 \uff0c \u82b1\u56ed\u91cc \u6709 \u591a\u5c11 \u76c6 \u6708\u5b63\u82b1 \uff1f",
            "equ": [
                "x",
                "=",
                "temp_a",
                "*",
                "temp_b",
                "+",
                "temp_c"
            ]
        }
    },
    {
        "choosed": [
            {
                "text": "temp_a \uff08 temp_b \uff09 \u73ed \u540c\u5b66 \u5206\u6210 temp_c \u4e2a \u5c0f\u7ec4 \u505a \u7eb8\u82b1 \uff0c \u5176\u4e2d temp_d \u4e2a \u5c0f\u7ec4 \u90fd \u505a \u4e86 temp_e \u6735 \uff0c \u53e6 \u4e00\u4e2a \u5c0f\u7ec4 \u505a \u4e86 temp_f \u6735 \uff0c \u540c\u5b66 \u4eec \u4e00\u5171 \u505a \u4e86 \u591a\u5c11 \u6735 \u7eb8\u82b1 \uff1f",
                "equ": [
                    "x",
                    "=",
                    "temp_e",
                    "*",
                    "temp_d",
                    "+",
                    "temp_f"
                ],
                "similarity": 0.28748477532316397
            },
            {
                "text": "\u5b66\u6821 \u7ec4\u7ec7 \u540c\u5b66 \u796d\u626b \u70c8\u58eb\u5893 \uff0c \u4e2d\u5e74\u7ea7 \u53bb \u4e86 temp_a \u4eba \uff0c \u9ad8\u5e74\u7ea7 \u53bb \u7684 \u4eba\u6570 \u6bd4 \u4e2d\u5e74\u7ea7 \u7684 temp_b \u500d \u591a temp_c \u4eba \uff0c \u4e2d \u3001 \u9ad8\u5e74\u7ea7 \u4e00\u5171 \u53bb \u4e86 \u591a\u5c11 \u4eba \uff1f",
                "equ": [
                    "x",
                    "=",
                    "temp_a",
                    "*",
                    "temp_b",
                    "+",
                    "temp_c",
                    "+",
                    "temp_a"
                ],
                "similarity": 0.24466403591187336
            },
            {
                "text": "\u52b3\u6280\u8bfe \u4e2d \u540c\u5b66 \u5206\u6210 \u4e24\u7ec4 \u505a \u7ea2\u82b1 \uff0c \u7b2c\u4e00\u7ec4 temp_a \u4eba \uff0c \u5e73\u5747 \u6bcf\u4eba \u505a \u4e86 temp_b \u6735 \uff1b \u7b2c\u4e8c\u7ec4 temp_c \u4eba\u5171\u505a \u4e86 temp_d \u6735 \uff0c \u52b3\u6280\u8bfe \u4e2d \u8fd9 \u4e24\u7ec4 \u540c\u5b66 \u4e00\u5171 \u505a \u4e86 \u591a\u5c11 \u6735 \u7ea2\u82b1 \uff1f",
                "equ": [
                    "x",
                    "=",
                    "temp_b",
                    "*",
                    "temp_a",
                    "+",
                    "temp_d"
                ],
                "similarity": 0.22388262371342166
            },
            {
                "text": "\u540c\u5b66 \u4eec \u8981 \u505a temp_a \u6735\u82b1 \uff0c \u6bcf\u4eba \u505a temp_b \u6735 \uff0c \u6bcf\u4e2a \u5c0f\u7ec4 \u6709 temp_c \u4eba \uff0c \u8981 \u51e0\u7ec4 \u540c\u5b66 \u6765 \u505a \uff1f",
                "equ": [
                    "x",
                    "=",
                    "temp_a",
                    "/",
                    "(",
                    "temp_c",
                    "*",
                    "temp_b",
                    ")"
                ],
                "similarity": 0.21708389068861272
            },
            {
                "text": "\u540c\u5b66 \u4eec \u505a \u4e86 temp_a \u6735 \u7ea2\u82b1 \uff0c temp_b \u6735 \u9ec4\u82b1 \uff0c \u628a \u8fd9\u4e9b \u82b1 \u5e73\u5747 \u5206\u7ed9 \u4e00\u5e74\u7ea7 \u7684 temp_c \u4e2a \u73ed\u7ea7 \uff0c \u6bcf\u4e2a \u73ed\u7ea7 \u5f97\u5230 \u591a\u5c11 \u6735\u82b1 \uff1f",
                "equ": [
                    "x",
                    "=",
                    "(",
                    "temp_a",
                    "+",
                    "temp_b",
                    ")",
                    "/",
                    "temp_c"
                ],
                "similarity": 0.20747828476790128
            }
        ],
        "target": {
            "text": "\u6e05\u660e \u524d \uff0c \u56db\u5e74\u7ea7 \uff08 temp_a \uff09 \u73ed \u7684 \u540c\u5b66 \u51b3\u5b9a \u81ea\u5df1 \u505a \u5c0f\u767d\u82b1 \u53bb \u796d\u626b \u70c8\u58eb\u5893 \uff0c \u4ed6\u4eec \u5206\u6210 temp_b \u4e2a \u5c0f\u7ec4 \uff0c \u6bcf \u5c0f\u7ec4 temp_c \u4eba \uff0c \u5171 \u505a \u4e86 temp_d \u6735 \u5c0f\u767d\u82b1 \uff0c \u5e73\u5747 \u6bcf\u4f4d \u540c\u5b66 \u505a \u4e86 \u591a\u5c11 \u6735 \u5c0f\u767d\u82b1 \uff1f",
            "equ": [
                "x",
                "=",
                "temp_d",
                "/",
                "temp_b",
                "/",
                "temp_c"
            ]
        }
    },
    {
        "choosed": [
            {
                "text": "\u670d\u88c5\u5382 \u539f\u6765 \u505a\u4e00\u5957 \u5b66\u751f\u88c5 \u7528\u5e03 temp_a \u7c73 \uff0c \u6539\u8fdb \u88c1\u526a \u65b9\u6cd5 \u540e \uff0c \u6bcf\u5957 \u8282\u7ea6 \u7528\u5e03 temp_b \u7c73 \uff0c \u539f\u6765 \u505a temp_c \u5957 \u5b66\u751f\u88c5 \u7528 \u7684 \u5e03 \uff0c \u73b0\u5728 \u53ef\u4ee5 \u505a \u591a\u5c11 \u5957 \uff1f",
                "equ": [
                    "x",
                    "=",
                    "temp_a",
                    "*",
                    "temp_c",
                    "/",
                    "(",
                    "temp_a",
                    "-",
                    "temp_b",
                    ")"
                ],
                "similarity": 0.727618105494612
            },
            {
                "text": "\u4e00\u4e2a \u670d\u88c5\u5382 \u539f\u6765 \u505a\u4e00\u5957 \u5236\u670d \u7528 temp_a \u7c73\u5e03 \uff0c \u6539\u53d8 \u88c1\u526a \u65b9\u6cd5 \u540e \uff0c \u6bcf\u5957 \u8282\u7701 \u5e03 temp_b \u7c73 \uff0c \u539f\u6765 \u505a temp_c \u5957 \u5236\u670d \u7684 \u5e03 \uff0c \u73b0\u5728 \u53ef\u4ee5 \u505a \u591a\u5c11 \u5957 \uff1f",
                "equ": [
                    "x",
                    "=",
                    "(",
                    "temp_a",
                    "*",
                    "temp_c",
                    ")",
                    "/",
                    "(",
                    "temp_a",
                    "-",
                    "temp_b",
                    ")"
                ],
                "similarity": 0.6346578356617014
            },
            {
                "text": "\u6cf0\u5c71 \u670d\u88c5\u5382 temp_a \u5e74 \u6bcf \u505a\u4e00\u5957 \u8863\u670d \u7528\u5e03 temp_b \u7c73 \uff0e \u4eca\u5e74 \u91c7\u7528 \u4e86 \u65b0 \u7684 \u88c1\u526a \u65b9\u6cd5 \uff0c \u6bcf\u5957 \u53ef \u8282\u7701 \u7528\u5e03 temp_c \u7c73 \uff0e \u539f\u6765 \u505a temp_d \u5957 \u8863\u670d \u7684 \u5e03\u6599 \uff0c \u73b0\u5728 \u53ef\u4ee5 \u505a \u591a\u5c11 \u5957 \uff1f",
                "equ": [
                    "x",
                    "=",
                    "(",
                    "temp_b",
                    "*",
                    "temp_d",
                    ")",
                    "/",
                    "(",
                    "temp_b",
                    "-",
                    "temp_c",
                    ")"
                ],
                "similarity": 0.6189184181770326
            },
            {
                "text": "\u670d\u88c5\u5382 \u539f\u6765 \u505a\u4e00\u5957 \u7ae5\u88c5 \u7528\u5e03 temp_a \u7c73 \uff0c \u6539\u8fdb \u526a\u88c1 \u65b9\u6cd5 \u540e \uff0c \u6bcf\u5957 \u8282\u7701 \u7528\u5e03 temp_b \u7c73 \uff0c \u539f\u6765 \u505a temp_c \u5957 \u7ae5\u88c5 \u7684 \u5e03 \uff0c \u73b0\u5728 \u53ef\u4ee5 \u505a \u591a\u5c11 \u5957 \uff1f",
                "equ": [
                    "x",
                    "=",
                    "temp_c",
                    "*",
                    "temp_a",
                    "/",
                    "(",
                    "temp_a",
                    "-",
                    "temp_b",
                    ")"
                ],
                "similarity": 0.5924281737929544
            },
            {
                "text": "\u4e00 \u670d\u88c5\u5382 \u539f\u6765 \u505a \u8863\u670d \uff0c \u6bcf\u5957 \u7528\u5e03 temp_a \u7c73 \uff0c \u6539\u8fdb \u88c1\u526a \u65b9\u6cd5 \u540e \uff0c \u73b0\u5728 \u6bcf\u5957 \u8282\u7701 temp_b \u7c73 \uff0c \u539f\u6765 \u505a temp_c \u5957 \u8fd9\u79cd \u670d\u88c5 \u6240\u7528 \u7684 \u5e03 \uff0c \u73b0\u5728 \u53ef\u4ee5 \u505a \u591a\u5c11 \u5957 \uff1f",
                "equ": [
                    "x",
                    "=",
                    "temp_a",
                    "*",
                    "temp_c",
                    "/",
                    "(",
                    "temp_a",
                    "-",
                    "temp_b",
                    ")"
                ],
                "similarity": 0.5813656925676589
            }
        ],
        "target": {
            "text": "\u670d\u88c5\u5382 \u539f\u6765 \u505a\u4e00\u5957 \u5b66\u751f \u670d\u7528 temp_a \u7c73 \u5e03\u6599 \uff0c \u91c7\u7528 \u65b0 \u88c1\u526a \u6cd5\u540e \uff0c \u6bcf\u5957 \u8282\u7ea6 \u7528\u5e03 temp_b \u7c73 \uff0e \u539f\u6765 \u505a temp_c \u5957 \u5b66\u751f\u670d \u7684 \u5e03 \uff0c \u73b0\u5728 \u53ef\u4ee5 \u505a \u591a\u5c11 \u5957 \uff1f",
            "equ": [
                "x",
                "=",
                "(",
                "temp_a",
                "*",
                "temp_c",
                ")",
                "/",
                "(",
                "temp_a",
                "-",
                "temp_b",
                ")"
            ]
        }
    },
    {
        "choosed": [
            {
                "text": "\u5c0f\u660e \u770b \u4e00\u672c \u6545\u4e8b\u4e66 \uff0c \u7b2c\u4e00\u5929 \u770b \u4e86 \u5b83 \u7684 temp_a \uff0c \u7b2c\u4e8c\u5929 \u770b \u4e86 \u5b83 \u7684 temp_b \uff0e \u8fd8 \u5269 \u51e0\u5206 \u4e4b \u51e0 \u6ca1 \u770b \uff1f",
                "equ": [
                    "x",
                    "=",
                    "1",
                    "-",
                    "temp_a",
                    "-",
                    "temp_b"
                ],
                "similarity": 0.5079595017447252
            },
            {
                "text": "\u5c0f\u7ea2\u770b \u4e00\u672c \u6545\u4e8b\u4e66 \uff0c \u7b2c\u4e00\u5929 \u770b \u4e86 \u8fd9 \u672c\u4e66 \u7684 temp_a \uff0c \u7b2c\u4e8c\u5929 \u770b \u4e86 \u8fd9 \u672c\u4e66 \u7684 temp_b \uff0c \u8fd8 \u5269 \u51e0\u5206 \u4e4b \u51e0 \u6ca1 \u770b \uff1f",
                "equ": [
                    "x",
                    "=",
                    "1",
                    "-",
                    "(",
                    "temp_a",
                    "+",
                    "temp_b",
                    ")"
                ],
                "similarity": 0.49322489975427775
            },
            {
                "text": "\u5c0f\u660e \u770b \u4e00\u672c temp_a \u9875 \u7684 \u6545\u4e8b\u4e66 \uff0c \u5df2\u7ecf \u770b \u4e86 temp_b \u9875 \uff0c \u8fd8 \u5269\u4e0b \u8fd9 \u672c\u4e66 \u7684 \u51e0\u5206 \u4e4b \u51e0 \u6ca1\u6709 \u770b \uff1f",
                "equ": [
                    "x",
                    "=",
                    "(",
                    "temp_a",
                    "-",
                    "temp_b",
                    ")",
                    "/",
                    "temp_a"
                ],
                "similarity": 0.4800509581046934
            },
            {
                "text": "\u5c0f\u660e \u770b \u4e00\u672c temp_a \u9875 \u7684 \u6545\u4e8b\u4e66 \uff0c \u6bcf\u5929 \u770b temp_b \uff0c \u5df2\u7ecf \u770b \u4e86 temp_c \u5929 \uff0c \u8fd8\u6709 \u51e0\u5206 \u4e4b \u51e0 \u6ca1\u6709 \u770b \uff1f",
                "equ": [
                    "x",
                    "=",
                    "1",
                    "-",
                    "temp_b",
                    "*",
                    "temp_c"
                ],
                "similarity": 0.4747913734693249
            },
            {
                "text": "\u674e\u8001\u5e08 \u770b\u4e00 \u672c\u4e66 \uff0c \u7b2c\u4e00\u5468 \u770b \u4e86 \u8fd9 \u672c\u4e66 \u7684 temp_a \uff0c \u7b2c\u4e8c\u5468 \u770b \u4e86 \u8fd9 \u672c\u4e66 \u7684 temp_b \uff0c \u8fd8 \u5269\u4e0b \u8fd9 \u672c\u4e66 \u7684 \u51e0\u5206 \u4e4b \u51e0 \u6ca1\u6709 \u770b \uff1f",
                "equ": [
                    "x",
                    "=",
                    "1",
                    "-",
                    "temp_a",
                    "-",
                    "temp_b"
                ],
                "similarity": 0.45890958911597174
            }
        ],
        "target": {
            "text": "\u674e\u4e3d \u770b \u4e00\u672c \u6545\u4e8b\u4e66 \uff0c \u7b2c\u4e00\u5468 \u770b \u4e86 temp_a \uff0c \u8fd8 \u5269 \u51e0\u5206 \u4e4b \u51e0 \u6ca1\u6709 \u770b \uff1f",
            "equ": [
                "x",
                "=",
                "1",
                "-",
                "temp_a"
            ]
        }
    },
    {
        "choosed": [
            {
                "text": "\u6c7d\u8f66 \u4ece \u7532\u5730 \u5f00\u5f80 \u4e59\u5730 \uff0c \u53bb \u65f6 \u7684 \u901f\u5ea6 \u662f temp_a \u5343\u7c73 / \u65f6 \uff0c \u5171\u7528 \u4e86 temp_b \u5c0f\u65f6 \uff0e \u8fd4\u56de \u65f6\u5c11\u7528 \u4e86 temp_c \u5c0f\u65f6 \uff0c \u6c7d\u8f66 \u8fd4\u56de \u65f6 \u7684 \u901f\u5ea6 = \uff1f",
                "equ": [
                    "x",
                    "=",
                    "temp_a",
                    "*",
                    "temp_b",
                    "/",
                    "(",
                    "temp_b",
                    "-",
                    "temp_c",
                    ")"
                ],
                "similarity": 0.3954392686950629
            },
            {
                "text": "\u4e00\u8f86 \u6c7d\u8f66 \u4ece \u7532\u5730 \u5f00\u5f80 \u4e59\u5730 \uff0c \u53bb \u65f6 \u7684 \u901f\u5ea6 \u662f temp_a \u5343\u7c73 / \u65f6 \uff0c \u7528 \u4e86 temp_b \u5c0f\u65f6 \uff0e \u8fd4\u56de \u65f6 \u53ea\u7528 \u4e86 temp_c \u5c0f\u65f6 \uff0c \u8fd4\u56de \u65f6 \u7684 \u901f\u5ea6 = \uff1f",
                "equ": [
                    "x",
                    "=",
                    "temp_a",
                    "*",
                    "temp_b",
                    "/",
                    "temp_c"
                ],
                "similarity": 0.3917558313280481
            },
            {
                "text": "\u4e00\u8f86 \u6c7d\u8f66 \u4ece \u7532\u5730 \u5f00\u5f80 \u4e59\u5730 \u6bcf \u5c0f\u65f6 \u884c temp_a \u5343\u7c73 \uff0c \u7528 \u4e86 temp_b \u5c0f\u65f6 \uff0e \u8fd4\u56de \u65f6 \u53ea\u7528 \u4e86 temp_c \u5c0f\u65f6 \uff0c \u8fd9\u8f86 \u6c7d\u8f66 \u8fd4\u56de \u7684 \u901f\u5ea6 = \uff1f",
                "equ": [
                    "x",
                    "=",
                    "temp_a",
                    "*",
                    "temp_b",
                    "/",
                    "temp_c"
                ],
                "similarity": 0.38139709323650206
            },
            {
                "text": "\u4e00\u8f86 \u6c7d\u8f66 \u4ece \u7532\u5730 \u53bb\u5f80 \u4e59\u5730 \uff0c \u53bb \u65f6 \u6bcf \u5c0f\u65f6 \u884c\u9a76 temp_a \u5343\u7c73 \uff0c \u7528 \u4e86 temp_b \u5c0f\u65f6 \uff0c \u8fd4\u56de \u65f6\u6bd4 \u53bb \u65f6 \u591a\u7528 temp_c \u5c0f\u65f6 \uff0c \u8fd4\u56de \u65f6 \u7684 \u901f\u5ea6 = \uff1f",
                "equ": [
                    "x",
                    "=",
                    "(",
                    "temp_a",
                    "*",
                    "temp_b",
                    ")",
                    "/",
                    "(",
                    "temp_b",
                    "+",
                    "temp_c",
                    ")"
                ],
                "similarity": 0.3764540891144487
            },
            {
                "text": "\u4e00\u8f86 \u6c7d\u8f66 \u4ece \u7532\u5730 \u5f00\u5f80 \u4e59\u5730 \uff0c \u53bb \u65f6 \u7684 \u901f\u5ea6 \u662f \u6bcf \u5c0f\u65f6 temp_a \u5343\u7c73 \uff0c \u5171\u7528 \u4e86 temp_b \u5c0f\u65f6 \uff0e \u8fd4\u56de \u65f6 \u53ea\u7528 \u4e86 temp_c \u5c0f\u65f6 \uff0c \u8fd9\u8f86 \u6c7d\u8f66 \u8fd4\u56de \u65f6 \u7684 \u901f\u5ea6 = \uff1f",
                "equ": [
                    "x",
                    "=",
                    "temp_a",
                    "*",
                    "temp_b",
                    "/",
                    "temp_c"
                ],
                "similarity": 0.37275759451531665
            }
        ],
        "target": {
            "text": "\u6c7d\u8f66 \u4ece \u6b66\u5e73 \u5230 \u9f99\u5ca9 \uff0c \u53bb \u65f6\u7528 \u4e86 temp_a \u5c0f\u65f6 \uff0c \u8fd4\u56de \u7528 \u4e86 temp_b \u5c0f\u65f6 \uff0c \u5f80\u8fd4 \u5e73\u5747\u901f\u5ea6 = \uff0e",
            "equ": [
                "x",
                "=",
                "(",
                "1",
                "*",
                "temp_b",
                ")",
                "/",
                "(",
                "temp_a",
                "+",
                "temp_b",
                ")"
            ]
        }
    },
    {
        "choosed": [
            {
                "text": "\u4e00\u79cd \u5f55\u97f3\u673a \u539f\u6765 \u6bcf\u53f0 \u552e\u4ef7 temp_a \u5143 \uff0c \u73b0\u5728 \u6bcf\u53f0 temp_b \u5143 \uff0c \u73b0\u5728 \u6bcf\u53f0 \u964d\u4ef7 \u767e\u5206\u4e4b\u51e0 \uff1f",
                "equ": [
                    "x",
                    "=",
                    "(",
                    "temp_a",
                    "-",
                    "temp_b",
                    ")",
                    "/",
                    "temp_a"
                ],
                "similarity": 0.7940591301258395
            },
            {
                "text": "\u4e00\u79cd \u7535\u89c6\u673a \uff0c \u539f\u6765 \u6bcf\u53f0 \u552e\u4ef7 temp_a \u5143 \uff0c \u73b0\u5728 \u6bcf\u53f0 \u552e\u4ef7 temp_b \u5143 \uff0c \u964d\u4f4e \u4e86 \u767e\u5206\u4e4b\u51e0 \uff1f",
                "equ": [
                    "x",
                    "=",
                    "(",
                    "temp_a",
                    "-",
                    "temp_b",
                    ")",
                    "/",
                    "temp_a"
                ],
                "similarity": 0.5728034471638926
            },
            {
                "text": "\u5f55\u97f3\u673a \u73b0\u4ef7 temp_a \u5143 \u4e00\u53f0 \uff0c \u6bd4 \u539f\u4ef7 \u964d\u4f4e temp_b \u5143 \uff0e \u964d\u4f4e \u767e\u5206\u4e4b\u51e0 \uff1f",
                "equ": [
                    "x",
                    "=",
                    "temp_b",
                    "/",
                    "(",
                    "temp_a",
                    "+",
                    "temp_b",
                    ")"
                ],
                "similarity": 0.5173478705893313
            },
            {
                "text": "\u4e00\u79cd \u7535\u89c6\u673a \u73b0\u5728 \u552e\u4ef7 temp_a \u5143 \uff0c \u6bd4 \u539f\u6765 \u6bcf\u53f0 \u964d\u4ef7 temp_b \u5143 \uff0c \u964d\u4ef7 \u767e\u5206\u4e4b\u51e0 \uff1f",
                "equ": [
                    "x",
                    "=",
                    "temp_b",
                    "/",
                    "(",
                    "temp_a",
                    "+",
                    "temp_b",
                    ")"
                ],
                "similarity": 0.4870972914292026
            },
            {
                "text": "\u5f55\u97f3\u673a \u6bcf\u53f0 \u964d\u4ef7 temp_a \u540e \uff0c \u552e\u4ef7 temp_b \u5143 \uff0c \u8fd9\u79cd \u5f55\u97f3\u673a \u539f\u6765 \u552e\u4ef7 \u591a\u5c11 \u5143 \uff1f",
                "equ": [
                    "x",
                    "=",
                    "temp_b",
                    "/",
                    "(",
                    "1",
                    "-",
                    "temp_a",
                    ")"
                ],
                "similarity": 0.47588383100979464
            }
        ],
        "target": {
            "text": "\u539f\u6765 \u6bcf\u53f0 \u5f55\u97f3\u673a \u552e\u4ef7 temp_a \u5143 \uff0c \u73b0\u5728 \u6bcf\u53f0 \u552e\u4ef7 temp_b \u5143 \uff0c \u6bcf\u53f0 \u964d\u4ef7 \u4e86 \u767e\u5206\u4e4b\u51e0 \uff1f",
            "equ": [
                "x",
                "=",
                "(",
                "temp_a",
                "-",
                "temp_b",
                ")",
                "/",
                "temp_a"
            ]
        }
    }
]